仓库名,微观场景,Stars,AI特征指数,核心意图,洞察,链接
The-Vibe-Company/companion,效率工具,1238,3,为Claude Code提供浏览器界面,该项目反映了AI开发工具向可视化、多会话和持久化方向演进，通过逆向工程将命令行工具转化为Web应用，满足开发者对AI编程环境更友好交互的需求。...,https://github.com/The-Vibe-Company/companion
stonerl/Thaw,效率工具,1042,1,管理macOS菜单栏项目,反映了开发者对系统级UI定制化需求的持续关注，以及开源社区通过分叉维护活跃项目的趋势。...,https://github.com/stonerl/Thaw
eljojo/rememory,效率工具,868,1,通过秘密共享实现离线数据恢复,该项目反映了隐私保护与数字遗产管理需求的增长，以及密码学工具向非技术用户普及的趋势，通过离线自包含设计降低长期依赖风险。...,https://github.com/eljojo/rememory
ibelick/webclaw,技术基础设施,383,1,为OpenClaw提供快速Web客户端,该项目反映了AI工具生态中客户端多样化的趋势，开发者通过构建轻量级Web界面来增强AI服务的可访问性和用户体验。...,https://github.com/ibelick/webclaw
grp06/openclaw-studio,技术基础设施,370,3,通过WebSocket管理OpenClaw代理的UI界面,该项目反映了AI代理管理工具向可视化、易用性发展的趋势，通过WebSocket网关连接实现实时交互，降低了多智能体系统的操作门槛。...,https://github.com/grp06/openclaw-studio
lukehinds/nono,技术基础设施,314,2,为AI代理提供内核级安全沙箱,该项目反映了AI代理安全隔离需求的兴起，开发者开始构建专门针对AI工作负载的底层安全基础设施，以应对AI代码执行带来的新型安全风险。...,https://github.com/lukehinds/nono
accius/openhamclock,效率工具,270,1,业余无线电操作员的实时数据仪表盘,该项目反映了开源社区对传统专有软件的现代化替代趋势，以及通过模块化架构整合多源实时数据的现代Web应用开发模式。...,https://github.com/accius/openhamclock
nickustinov/itsytv-macos,效率工具,251,1,在macOS菜单栏控制Apple TV,该项目反映了开发者工具向深度系统集成和协议逆向工程发展的趋势，通过原生应用填补官方生态的功能空白，满足专业用户的精细化控制需求。...,https://github.com/nickustinov/itsytv-macos
eval-exec/neomacs,技术基础设施,206,1,用Rust重写Emacs以支持GPU加速,反映了用现代系统编程语言（如Rust）重构传统软件以提升性能和硬件利用率的趋势，同时保持向后兼容性。...,https://github.com/eval-exec/neomacs
wiedymi/restty,技术基础设施,180,2,在浏览器中实现高性能终端,反映了WebGPU等现代Web图形技术正被用于构建高性能的浏览器原生应用，以及WASM在复杂系统核心模块中的深度集成趋势。...,https://github.com/wiedymi/restty
TIGER-AI-Lab/OpenResearcher,技术基础设施,174,2,训练用于深度研究的开源AI模型,该项目反映了AI研究向开源、可复现和低成本方向发展的趋势，强调通过开放数据和模型来推动深度研究代理的进步。...,https://github.com/TIGER-AI-Lab/OpenResearcher
op7418/Video-Wrapper-Skills,效率工具,163,4,为访谈视频自动添加视觉特效,该项目体现了AI辅助内容创作工具向垂直领域（视频后期处理）的渗透，将传统需要专业软件和人工操作的特效制作自动化，降低了视频内容生产的门槛。...,https://github.com/op7418/Video-Wrapper-Skills
ValkDB/postgresparser,技术基础设施,140,1,解析PostgreSQL SQL为结构化数据,反映了数据库工具链向轻量化、云原生部署发展的趋势，以及开发者对无CGO依赖的纯Go数据库组件的需求增长。...,https://github.com/ValkDB/postgresparser
Dicklesworthstone/frankentui,技术基础设施,122,1,构建无闪烁、确定性的终端UI内核,反映了开发者对终端UI框架在正确性、性能和可预测性方面的深度需求，体现了Rust生态中系统级工具向专业化、分层架构发展的趋势。...,https://github.com/Dicklesworthstone/frankentui
yazinsai/quran-validator,技术基础设施,121,2,验证LLM生成文本中的古兰经引文准确性,该项目反映了AI生成内容可信度验证的细分需求增长，特别是在宗教文本等敏感领域，开发者开始构建专门工具来确保LLM输出的准确性。...,https://github.com/yazinsai/quran-validator
dependabot/proxy,技术基础设施,118,1,为依赖更新工具添加认证代理,反映了DevOps工具链中安全认证模块化的趋势，将认证逻辑从核心业务中解耦以提升可维护性和安全性。...,https://github.com/dependabot/proxy
anonvector/SlipNet,技术基础设施,102,2,Android VPN客户端支持多种隧道协议,该项目反映了移动端隐私增强工具向多协议集成和现代架构演进，结合Rust原生库与Android Jetpack生态，体现了跨语言性能优化趋势。...,https://github.com/anonvector/SlipNet
wondelai/skills,效率工具,93,5,为AI代理提供商业知识技能库,该项目反映了AI代理生态中知识技能模块化的趋势，将传统商业书籍和框架转化为可编程的AI能力，降低了专业知识的应用门槛。...,https://github.com/wondelai/skills
vercel-labs/agent-eval,技术基础设施,67,3,评估AI编程代理在框架中的表现,该项目反映了AI原生开发工具链的成熟化趋势，通过标准化测试框架量化AI代理的编程能力，推动从人工评估向数据驱动的自动化评估转变。...,https://github.com/vercel-labs/agent-eval
luckyPipewrench/pipelock,技术基础设施,63,2,保护AI代理免受网络攻击和数据泄露,该项目反映了AI代理安全需求的兴起，开发者正构建专门工具来应对AI系统特有的威胁，如提示注入和秘密泄露，体现了AI原生安全工具的增长趋势。...,https://github.com/luckyPipewrench/pipelock
arpanghosh8453/dji-logbook,效率工具,60,2,分析和管理无人机飞行日志,该项目反映了本地优先、数据隐私和跨平台桌面应用的趋势，结合了现代Web技术（React）与本地数据库（DuckDB）和桌面框架（Tauri），为特定垂直领域（无人机）提供专业工具。...,https://github.com/arpanghosh8453/dji-logbook
DataDog/pup,效率工具,57,2,封装Datadog API的命令行工具,反映了企业级SaaS平台通过轻量级CLI工具降低API使用门槛的趋势，将复杂的云服务API封装为开发者友好的命令行接口，提升运维和开发效率。...,https://github.com/DataDog/pup
linhanwang/Drive-JEPA,技术基础设施,52,1,自动驾驶轨迹规划模型训练,该项目反映了自动驾驶领域从传统感知-规划分离架构向端到端学习范式的转变趋势，通过自监督视频预训练和多模态轨迹蒸馏提升规划性能，体现了AI模型在复杂系统控制任务中的深度集成。...,https://github.com/linhanwang/Drive-JEPA
mikearnaldi/cruster,技术基础设施,52,2,构建分布式状态实体与持久化工作流框架,该项目反映了分布式系统开发中，对可扩展、容错的工作流编排框架的需求增长，体现了Rust生态在构建高可靠中间件方面的趋势。...,https://github.com/mikearnaldi/cruster
aspain/git-sweaty,效率工具,49,1,将Strava运动数据可视化为GitHub贡献热图,该项目反映了数据可视化与健康追踪的融合趋势，以及开发者利用API集成和自动化工作流将个人数据转化为可交互仪表板的实践。...,https://github.com/aspain/git-sweaty
itcaat/cli-stash,效率工具,48,1,终端命令的保存与快速调用,反映了开发者对终端工作流效率的持续优化趋势，通过交互式UI和智能排序提升命令行使用体验，体现了工具向更人性化、可视化方向演进。...,https://github.com/itcaat/cli-stash
ggangix/venezuela-digital-observatory,技术基础设施,44,2,收集并监控委内瑞拉政府域名数据,该项目反映了开源数据透明化运动在政府监督领域的应用趋势，通过自动化工具填补公共数据空白，促进公民参与和问责。...,https://github.com/ggangix/venezuela-digital-observatory
nfqws/nfqws-keenetic-web,技术基础设施,43,1,为路由器提供Web管理界面,该项目反映了开源社区对网络设备定制化和反审查工具的需求增长，特别是在路由器固件生态中，开发者通过创建Web界面来降低技术门槛，使高级网络功能更易于普通用户配置。...,https://github.com/nfqws/nfqws-keenetic-web
akfamily/akquant,技术基础设施,41,2,量化投资回测与策略开发框架,该项目反映了量化金融领域对高性能和AI集成框架的需求，结合Rust和Python以平衡速度与开发效率，体现了开源工具在专业金融技术中的普及趋势。...,https://github.com/akfamily/akquant
jedi4ever/addt,技术基础设施,37,2,在容器中安全运行AI编程助手,该项目反映了AI编程助手普及后，开发者对安全隔离和可重复环境的需求，是AI原生开发工具链中的重要基础设施组件。...,https://github.com/jedi4ever/addt
chefkjd/MixSplitR,效率工具,34,2,自动分割并识别音乐混音文件,该项目反映了个人数字资产管理工具向自动化、多源集成和可审计工作流发展的趋势，特别是针对音乐收藏这类非结构化数据的智能整理需求。...,https://github.com/chefkjd/MixSplitR
adoslabsproject-gif/nothumanallowed,技术基础设施,31,5,为AI代理提供安全平台和工具,该项目反映了AI代理生态系统的快速发展，强调安全性和多平台集成，体现了从单一AI工具向协作式、可扩展代理网络的趋势。...,https://github.com/adoslabsproject-gif/nothumanallowed
RogueMaster/ProtoPirate,技术基础设施,30,1,解码汽车钥匙滚动码协议,该项目反映了硬件安全研究社区对物联网设备（如Flipper Zero）进行协议逆向工程和工具开发的活跃趋势，体现了开源协作在安全研究领域的价值。...,https://github.com/RogueMaster/ProtoPirate
Dicklesworthstone/frankensqlite,技术基础设施,28,1,用Rust重写SQLite支持多写并发,反映了数据库系统向内存安全语言（Rust）迁移的趋势，以及通过MVCC和RaptorQ编码等技术提升并发性和数据耐久性的底层创新。...,https://github.com/Dicklesworthstone/frankensqlite
adrianosela/tsdmg,技术基础设施,26,1,为Tailscale节点提供自定义域名和TLS证书管理,该项目反映了零信任网络（如Tailscale）与云原生基础设施（如Let's Encrypt、DNS管理）深度融合的趋势，开发者正构建专用中间件来弥补现有VPN服务在域名和证书自动化管理方面的功能缺口。...,https://github.com/adrianosela/tsdmg
EXboys/skilllite,技术基础设施,22,2,为AI Agent提供安全高效的技能执行引擎,该项目反映了AI Agent生态中对于本地化、高性能执行环境的需求增长，以及Rust在系统级工具开发中的普及趋势。...,https://github.com/EXboys/skilllite
